queryOption,approximateQuery,inputTopicName,radius,wInterval,wStep,uniformGridSize,executionCost1, executionCost2, executionCost3,avg_time_sec, numberRecords1, numberRecords2, numberRecords3avg_records, throughput
1,true,TaxiDrive17MillionGeoJSON,0.005,100,50,200,121090, 121107, 121085,121.094, 42519254, 42057495, 42715836,42430861.666666664, 350396.06971994205
1,false,TaxiDrive17MillionGeoJSON,0.005,100,50,200,121099, 121063, 121099,121.087, 42603059, 42556380, 43028345,42729261.333333336, 352880.66706858156
1,true,TaxiDrive17MillionGeoJSON,0.0005,100,50,200,121088, 121090, 121106,121.09466666666667, 42763499, 43278909, 43219832,43087413.333333336, 355815.94565133617
1,true,TaxiDrive17MillionGeoJSON,0.005,100,50,200,121106, 121077, 121050,121.07766666666667, 42625565, 42468744, 41889872,42328060.333333336, 349594.28521087015
1,true,TaxiDrive17MillionGeoJSON,0.05,100,50,200,121012, 121038, 121086,121.04533333333333, 42170664, 42488209, 42818765,42492546.0, 351046.5445452943
1,true,TaxiDrive17MillionGeoJSON,0.5,100,50,200,121041, 125167, 121097,122.435, 27587389, 27188824, 28862158,27879457.0, 227708.22885612774
1,true,TaxiDrive17MillionGeoJSON,0.005,50,50,200,121105, 121089, 121058,121.084, 41464036, 43261763, 43149660,42625153.0, 352029.60754517524
1,true,TaxiDrive17MillionGeoJSON,0.005,100,50,200,121036, 121093, 121015,121.048, 43293243, 43697896, 43401628,43464255.666666664, 359066.28499988985
1,true,TaxiDrive17MillionGeoJSON,0.005,150,50,200,121082, 121077, 121131,121.09666666666668, 43409644, 43346600, 43586239,43447494.333333336, 358783.56960004405
1,true,TaxiDrive17MillionGeoJSON,0.005,200,50,200,121101, 121101, 121039,121.08033333333333, 42743435, 43343541, 43093204,43060060.0, 355632.1560616781
1,true,TaxiDrive17MillionGeoJSON,0.005,250,50,200,121078, 121094, 121107,121.093, 42980986, 43087736, 43225445,43098055.666666664, 355908.7285529854
1,true,TaxiDrive17MillionGeoJSON,0.005,250,25,200,121108, 121077, 120402,120.86233333333332, 43154524, 42812967, 42787530,42918340.333333336, 355101.04057784757
1,true,TaxiDrive17MillionGeoJSON,0.005,250,50,200,121102, 121013, 121024,121.04633333333332, 43065511, 42785235, 43087008,42979251.333333336, 355064.46291915776
1,true,TaxiDrive17MillionGeoJSON,0.005,250,75,200,121025, 121090, 121063,121.05933333333333, 43163671, 41275567, 43599956,42679731.333333336, 352552.1755172395
1,true,TaxiDrive17MillionGeoJSON,0.005,250,100,200,121104, 121037, 121100,121.08033333333333, 43315012, 43290781, 42954140,43186644.333333336, 356677.6134852619
1,true,TaxiDrive17MillionGeoJSON,0.005,250,125,200,121097, 121097, 121079,121.091, 43761940, 43643101, 42893660,43432900.333333336, 358679.8385786998
1,true,TaxiDrive17MillionGeoJSON,0.005,100,50,100,121140, 121053, 121061,121.08466666666668, 43753874, 43745473, 43663403,43720916.666666664, 361077.2352128262
1,true,TaxiDrive17MillionGeoJSON,0.005,100,50,200,121009, 121106, 121083,121.066, 43556798, 43736414, 42890932,43394714.666666664, 358438.49360403966
1,true,TaxiDrive17MillionGeoJSON,0.005,100,50,300,121069, 121091, 121074,121.078, 43322215, 43061800, 43056566,43146860.333333336, 356355.9055595016
1,true,TaxiDrive17MillionGeoJSON,0.005,100,50,400,121099, 121053, 121102,121.08466666666668, 43356341, 43303841, 42932739,43197640.333333336, 356755.6613278863
1,true,TaxiDrive17MillionGeoJSON,0.005,100,50,500,121042, 121019, 121035,121.032, 42316411, 42846051, 42698013,42620158.333333336, 352139.5856743121
6,true,TaxiDrive17MillionGeoJSON,0.005,100,50,200,121031, 121105, 121092,121.076, 42353444, 42801224, 43411038,42855235.333333336, 353953.18092217564
6,false,TaxiDrive17MillionGeoJSON,0.005,100,50,200,121091, 121042, 121070,121.06766666666667, 42868147, 41310415, 42334225,42170929.0, 348325.28090351674
6,true,TaxiDrive17MillionGeoJSON,0.0005,100,50,200,121067, 121080, 121040,121.06233333333333, 43147162, 42648946, 43290782,43028963.333333336, 355428.1678584311
6,true,TaxiDrive17MillionGeoJSON,0.005,100,50,200,121106, 121105, 121007,121.07266666666668, 43089660, 43150618, 42277861,42839379.666666664, 353831.96592679876
6,true,TaxiDrive17MillionGeoJSON,0.05,100,50,200,121084, 121074, 121050,121.06933333333333, 43113246, 43258173, 43259518,43210312.333333336, 356905.51144247927
6,true,TaxiDrive17MillionGeoJSON,0.5,100,50,200,121018, 121017, 123044,121.693, 29500234, 23953827, 28138888,27197649.666666668, 223493.9533635186
6,true,TaxiDrive17MillionGeoJSON,0.005,50,50,200,121012, 121086, 121044,121.04733333333333, 42333949, 42946851, 43455717,42912172.333333336, 354507.3745256677
6,true,TaxiDrive17MillionGeoJSON,0.005,100,50,200,121021, 121105, 121105,121.077, 43281372, 43645197, 43357311,43427960.0, 358680.5090975165
6,true,TaxiDrive17MillionGeoJSON,0.005,150,50,200,121077, 121042, 121022,121.047, 43120961, 42977018, 42547646,42881875.0, 354258.05678785924
6,true,TaxiDrive17MillionGeoJSON,0.005,200,50,200,121017, 121091, 121007,121.03833333333333, 43102382, 43777613, 43328939,43402978.0, 358588.6950415158
6,true,TaxiDrive17MillionGeoJSON,0.005,250,50,200,121091, 121066, 121028,121.06166666666667, 43243375, 42719006, 42976575,42979652.0, 355022.80105180555
6,true,TaxiDrive17MillionGeoJSON,0.005,250,25,200,121089, 121023, 121096,121.06933333333333, 42989316, 43220255, 43229472,43146347.666666664, 356377.1805687099
6,true,TaxiDrive17MillionGeoJSON,0.005,250,50,200,121093, 121096, 121003,121.064, 42924504, 43473213, 43148892,43182203.0, 356689.04876759404
6,true,TaxiDrive17MillionGeoJSON,0.005,250,75,200,121104, 121036, 121056,121.06533333333333, 43082409, 43206355, 42904915,43064559.666666664, 355713.3861606405
6,true,TaxiDrive17MillionGeoJSON,0.005,250,100,200,121035, 121027, 121075,121.04566666666668, 43281963, 42928509, 43335750,43182074.0, 356742.00646037166
6,true,TaxiDrive17MillionGeoJSON,0.005,250,125,200,121100, 121006, 121021,121.04233333333333, 42995590, 42887165, 43170433,43017729.333333336, 355394.08526493487
6,true,TaxiDrive17MillionGeoJSON,0.005,100,50,100,121015, 121102, 121090,121.069, 43403884, 43191222, 43253850,43282985.333333336, 357506.75510108564
6,true,TaxiDrive17MillionGeoJSON,0.005,100,50,200,121003, 121023, 121043,121.023, 43155107, 42908306, 43384618,43149343.666666664, 356538.3742484211
6,true,TaxiDrive17MillionGeoJSON,0.005,100,50,300,121108, 121073, 121014,121.065, 43065789, 42551230, 42980016,42865678.333333336, 354071.6006552954
6,true,TaxiDrive17MillionGeoJSON,0.005,100,50,400,121061, 121025, 121059,121.04833333333333, 42848627, 42844697, 43027754,42907026.0, 354461.9311845131
6,true,TaxiDrive17MillionGeoJSON,0.005,100,50,500,121105, 121006, 121090,121.067, 42574603, 41021665, 42444257,42013508.333333336, 347026.92173204373
11,true,TaxiDrive17MillionGeoJSON,0.005,100,50,200,121003, 121108, 121034,121.04833333333333, 43014236, 43236839, 43417482,43222852.333333336, 357071.023971141
11,false,TaxiDrive17MillionGeoJSON,0.005,100,50,200,121070, 121097, 121058,121.075, 42596667, 42245256, 42829525,42557149.333333336, 351494.1097116113
11,true,TaxiDrive17MillionGeoJSON,0.0005,100,50,200,121152, 121008, 121053,121.071, 43015105, 42736420, 42715031,42822185.333333336, 353694.8181920801
11,true,TaxiDrive17MillionGeoJSON,0.005,100,50,200,121085, 121027, 121104,121.072, 43194365, 42872908, 42894415,42987229.333333336, 355055.085679045
11,true,TaxiDrive17MillionGeoJSON,0.05,100,50,200,121110, 121080, 121034,121.07466666666667, 42889876, 41463378, 42236034,42196429.333333336, 348515.7588705592
11,true,TaxiDrive17MillionGeoJSON,0.5,100,50,200,121099, 121075, 121055,121.07633333333332, 26755806, 26855008, 26753877,26788230.333333332, 221250.75640986816
11,true,TaxiDrive17MillionGeoJSON,0.005,50,50,200,121079, 121014, 121112,121.06833333333333, 41931229, 42950364, 43674005,42851866.0, 353947.7650362743
11,true,TaxiDrive17MillionGeoJSON,0.005,100,50,200,121065, 121102, 121009,121.05866666666667, 43092109, 43030630, 43841024,43321254.333333336, 357853.3906425535
11,true,TaxiDrive17MillionGeoJSON,0.005,150,50,200,121111, 121013, 121101,121.075, 43189015, 43308311, 43182665,43226663.666666664, 357023.8584899167
11,true,TaxiDrive17MillionGeoJSON,0.005,200,50,200,121050, 121003, 121058,121.037, 43195268, 42979008, 42919885,43031387.0, 355522.58400323865
11,true,TaxiDrive17MillionGeoJSON,0.005,250,50,200,121005, 121033, 121113,121.05033333333333, 43110403, 42775986, 43385002,43090463.666666664, 355971.45815377077
11,true,TaxiDrive17MillionGeoJSON,0.005,250,25,200,121009, 121056, 121082,121.049, 43263481, 43367398, 43135877,43255585.333333336, 357339.4685898548
11,true,TaxiDrive17MillionGeoJSON,0.005,250,50,200,121117, 121107, 121083,121.10233333333333, 43688444, 41746825, 43070100,42835123.0, 353710.1377072283
11,true,TaxiDrive17MillionGeoJSON,0.005,250,75,200,121011, 121101, 121092,121.068, 42976576, 43385196, 43644277,43335349.666666664, 357942.2280591623
11,true,TaxiDrive17MillionGeoJSON,0.005,250,100,200,121090, 121097, 121108,121.09833333333333, 42668296, 43551446, 43863844,43361195.333333336, 358065.99595370155
11,true,TaxiDrive17MillionGeoJSON,0.005,250,125,200,121021, 121116, 121006,121.04766666666667, 43641636, 43410512, 42677396,43243181.333333336, 357240.932635353
11,true,TaxiDrive17MillionGeoJSON,0.005,100,50,100,121018, 121020, 121106,121.048, 42820243, 43218686, 43037165,43025364.666666664, 355440.52497081045
11,true,TaxiDrive17MillionGeoJSON,0.005,100,50,200,121043, 121103, 121031,121.059, 43241989, 43395810, 42782849,43140216.0, 356356.9499169826
11,true,TaxiDrive17MillionGeoJSON,0.005,100,50,300,121058, 121085, 121044,121.06233333333333, 42193447, 42789206, 43335287,42772646.666666664, 353310.93899286044
11,true,TaxiDrive17MillionGeoJSON,0.005,100,50,400,121066, 121109, 121022,121.06566666666667, 43437272, 43161061, 42896869,43165067.333333336, 356542.5980941473
11,true,TaxiDrive17MillionGeoJSON,0.005,100,50,500,121017, 121019, 121109,121.04833333333333, 42456606, 42127687, 42232212,42272168.333333336, 349217.2685841744
2,true,TaxiDrive17MillionGeoJSON,0.005,100,50,200,121043, 121104, 121099,121.082, 45844853, 45090813, 45780318,45571994.666666664, 376372.9924073493
2,false,TaxiDrive17MillionGeoJSON,0.005,100,50,200,121008, 121060, 121002,121.02333333333333, 45981352, 46061433, 44862302,45635029.0, 377076.28556476714
2,true,TaxiDrive17MillionGeoJSON,0.0005,100,50,200,121010, 121088, 121064,121.054, 46564853, 45918229, 46171853,46218311.666666664, 381799.1282127535
2,true,TaxiDrive17MillionGeoJSON,0.005,100,50,200,121025, 121052, 121022,121.033, 46078640, 46255369, 46563586,46299198.333333336, 382533.6753888058
2,true,TaxiDrive17MillionGeoJSON,0.05,100,50,200,121088, 121105, 121045,121.07933333333332, 45408355, 45407429, 46027545,45614443.0, 376731.86450756807
2,true,TaxiDrive17MillionGeoJSON,0.5,100,50,200,121021, 121023, 121038,121.02733333333333, 36530297, 36250622, 36143246,36308055.0, 299998.80192353245
2,true,TaxiDrive17MillionGeoJSON,0.005,100,50,100,121089, 121060, 121064,121.071, 46259570, 44893873, 45092324,45415255.666666664, 375112.5840760105
2,true,TaxiDrive17MillionGeoJSON,0.005,100,50,200,121105, 121079, 121020,121.068, 45990718, 45885570, 45920106,45932131.333333336, 379391.1796125594
2,true,TaxiDrive17MillionGeoJSON,0.005,100,50,300,121080, 121012, 121011,121.03433333333332, 45496379, 46089256, 45697427,45761020.666666664, 378082.97370167694
2,true,TaxiDrive17MillionGeoJSON,0.005,100,50,400,121011, 121019, 121011,121.01366666666667, 45352192, 45389112, 45944075,45561793.0, 376501.2188705959
2,true,TaxiDrive17MillionGeoJSON,0.005,100,50,500,121013, 121061, 121069,121.04766666666667, 44159142, 45182902, 45160137,44834060.333333336, 370383.51558476966
7,true,TaxiDrive17MillionGeoJSON,0.005,100,50,200,121084, 121007, 121090,121.06033333333333, 46175598, 46387525, 45768336,46110486.333333336, 380888.4798488908
7,false,TaxiDrive17MillionGeoJSON,0.005,100,50,200,121106, 121051, 121053,121.07, 45711118, 45851611, 46120881,45894536.666666664, 379074.39222488366
7,true,TaxiDrive17MillionGeoJSON,0.0005,100,50,200,121065, 121010, 121014,121.02966666666667, 45639207, 45855459, 45644184,45712950.0, 377700.3709834228
7,true,TaxiDrive17MillionGeoJSON,0.005,100,50,200,121064, 121042, 121037,121.04766666666667, 45764781, 45782639, 44831424,45459614.666666664, 375551.35029451206
7,true,TaxiDrive17MillionGeoJSON,0.05,100,50,200,121092, 121042, 121101,121.07833333333333, 45689322, 45838857, 45526430,45684869.666666664, 377316.6379891805
7,true,TaxiDrive17MillionGeoJSON,0.5,100,50,200,121029, 121015, 121095,121.04633333333332, 36189640, 36196622, 36093474,36159912.0, 298727.8590291872
7,true,TaxiDrive17MillionGeoJSON,0.005,100,50,100,121041, 121026, 121065,121.044, 45546874, 45753433, 45339122,45546476.333333336, 376280.3305684985
7,true,TaxiDrive17MillionGeoJSON,0.005,100,50,200,121008, 121085, 121086,121.05966666666667, 45467528, 44406383, 45613605,45162505.333333336, 373059.88507044734
7,true,TaxiDrive17MillionGeoJSON,0.005,100,50,300,121030, 121004, 121064,121.03266666666667, 46382532, 45197994, 45780289,45786938.333333336, 378302.3178315496
7,true,TaxiDrive17MillionGeoJSON,0.005,100,50,400,121028, 121000, 121040,121.02266666666667, 45593445, 45212348, 45650705,45485499.333333336, 375842.81181486667
7,true,TaxiDrive17MillionGeoJSON,0.005,100,50,500,121021, 121038, 121077,121.04533333333333, 43680937, 45081691, 44770499,44511042.333333336, 367722.08483873814
12,true,TaxiDrive17MillionGeoJSON,0.005,100,50,200,121102, 121076, 121093,121.09033333333333, 46054721, 45638334, 46549413,46080822.666666664, 380549.143752185
12,false,TaxiDrive17MillionGeoJSON,0.005,100,50,200,121053, 121063, 121001,121.039, 45843371, 44789936, 45614880,45416062.333333336, 375218.4199583055
12,true,TaxiDrive17MillionGeoJSON,0.0005,100,50,200,121046, 121037, 121082,121.055, 45785487, 46043349, 45679314,45836050.0, 378638.2222956507
12,true,TaxiDrive17MillionGeoJSON,0.005,100,50,200,121048, 121035, 121014,121.03233333333333, 46150305, 45960905, 45904758,46005322.666666664, 380107.7067560459
12,true,TaxiDrive17MillionGeoJSON,0.05,100,50,200,121086, 121012, 121013,121.037, 46367467, 46030624, 45866526,46088205.666666664, 380777.82551341044
12,true,TaxiDrive17MillionGeoJSON,0.5,100,50,200,121007, 121070, 121103,121.06, 35941979, 36404085, 36612568,36319544.0, 300012.7540062779
12,true,TaxiDrive17MillionGeoJSON,0.005,100,50,100,121097, 121076, 121079,121.084, 45854129, 45691602, 46267803,45937844.666666664, 379388.23186107713
12,true,TaxiDrive17MillionGeoJSON,0.005,100,50,200,121005, 121126, 121026,121.05233333333332, 45529217, 45785866, 46051165,45788749.333333336, 378255.8177317249
12,true,TaxiDrive17MillionGeoJSON,0.005,100,50,300,121110, 121047, 121024,121.06033333333333, 46128788, 45928919, 44869353,45642353.333333336, 377021.5402237452
12,true,TaxiDrive17MillionGeoJSON,0.005,100,50,400,121061, 121096, 121074,121.077, 45472678, 45317278, 46003552,45597836.0, 376601.96403941297
12,true,TaxiDrive17MillionGeoJSON,0.005,100,50,500,121097, 121026, 121077,121.06666666666668, 44014715, 45311248, 44975860,44767274.333333336, 369773.7417400881
16,true,NYCBuildingsPolygons,0.005,100,50,200,121072, 121070, 121017,121.053, 12519793, 12160349, 12386980,12355707.333333334, 102068.57602317444
16,false,NYCBuildingsPolygons,0.005,100,50,200,121020, 121034, 121103,121.05233333333332, 12209265, 12455367, 12528887,12397839.666666666, 102417.18870901567
16,true,NYCBuildingsPolygons,0.0005,100,50,200,121070, 121047, 121050,121.05566666666667, 12470656, 12381830, 12460940,12437808.666666666, 102744.53901373196
16,true,NYCBuildingsPolygons,0.005,100,50,200,121111, 121069, 121012,121.064, 12445077, 12249380, 12384073,12359510.0, 102090.71235049231
16,true,NYCBuildingsPolygons,0.05,100,50,200,121075, 121057, 121013,121.04833333333333, 12189774, 11760804, 12199288,12049955.333333334, 99546.64390257336
16,true,NYCBuildingsPolygons,0.5,100,50,200,121114, 121056, 120135,120.76833333333333, 4926397, 4938448, 4725259,4863368.0, 40270.22536260885
16,true,NYCBuildingsPolygons,0.005,50,50,200,121015, 121045, 121040,121.03333333333333, 12242165, 12374739, 12332767,12316557.0, 101761.69374827872
16,true,NYCBuildingsPolygons,0.005,100,50,200,121046, 121109, 121108,121.08766666666668, 12300212, 12285953, 12290877,12292347.333333334, 101516.09715275158
16,true,NYCBuildingsPolygons,0.005,150,50,200,121016, 121099, 121038,121.051, 12391213, 12418944, 12410140,12406765.666666666, 102492.05431319581
16,true,NYCBuildingsPolygons,0.005,200,50,200,121025, 121018, 121103,121.04866666666668, 12112740, 12426544, 12454885,12331389.666666666, 101871.33824962961
16,true,NYCBuildingsPolygons,0.005,250,50,200,121015, 121071, 121106,121.064, 12471709, 12384455, 12358565,12404909.666666666, 102465.71785722152
16,true,NYCBuildingsPolygons,0.005,250,25,200,121047, 121016, 121035,121.03266666666667, 12512853, 11963446, 12414320,12296873.0, 101599.62048813267
16,true,NYCBuildingsPolygons,0.005,250,50,200,121093, 121026, 121079,121.066, 12390674, 12351586, 12428367,12390209.0, 102342.59825219301
16,true,NYCBuildingsPolygons,0.005,250,75,200,121102, 121109, 121020,121.077, 12372609, 12465321, 12440002,12425977.333333334, 102628.71836379606
16,true,NYCBuildingsPolygons,0.005,250,100,200,121053, 121060, 121049,121.054, 12385150, 12271380, 12501739,12386089.666666666, 102318.7145130823
16,true,NYCBuildingsPolygons,0.005,250,125,200,121064, 121084, 121073,121.07366666666667, 12558511, 12430981, 12294499,12427997.0, 102648.22518521782
16,true,NYCBuildingsPolygons,0.005,100,50,100,121090, 121107, 121100,121.099, 12454509, 12350247, 12285167,12363307.666666666, 102092.56613734768
16,true,NYCBuildingsPolygons,0.005,100,50,200,121075, 121089, 121096,121.08666666666667, 12467758, 12339998, 12444064,12417273.333333334, 102548.64284534493
16,true,NYCBuildingsPolygons,0.005,100,50,300,121083, 121068, 121079,121.07666666666667, 12372961, 12329448, 12393132,12365180.333333334, 102126.86452110234
16,true,NYCBuildingsPolygons,0.005,100,50,400,121024, 121032, 121050,121.03533333333333, 12193240, 12332334, 12013445,12179673.0, 100629.06974822779
16,true,NYCBuildingsPolygons,0.005,100,50,500,121113, 121103, 121105,121.107, 12228869, 12135481, 12098732,12154360.666666666, 100360.5131550337
21,true,NYCBuildingsPolygons,0.005,100,50,200,121005, 121014, 121087,121.03533333333333, 12220937, 12136788, 12228398,12195374.333333334, 100758.79495243814
21,false,NYCBuildingsPolygons,0.005,100,50,200,121031, 121066, 121078,121.05833333333332, 12264159, 12196997, 12317273,12259476.333333334, 101269.16500309769
21,true,NYCBuildingsPolygons,0.0005,100,50,200,121005, 121048, 121080,121.04433333333333, 12258852, 12064189, 12216221,12179754.0, 100622.25685905716
21,true,NYCBuildingsPolygons,0.005,100,50,200,121080, 121012, 121109,121.067, 12173165, 12404184, 12434072,12337140.333333334, 101903.41160954954
21,true,NYCBuildingsPolygons,0.05,100,50,200,121104, 121020, 121095,121.073, 11623692, 11439180, 11440669,11501180.333333334, 94993.7668458974
21,true,NYCBuildingsPolygons,0.5,100,50,200,121036, 122035, 121074,121.38166666666667, 4882485, 4539634, 4860519,4760879.333333333, 39222.392178939706
21,true,NYCBuildingsPolygons,0.005,50,50,200,121105, 121014, 121064,121.061, 12254748, 12224804, 12080747,12186766.333333334, 100666.32799442705
21,true,NYCBuildingsPolygons,0.005,100,50,200,121100, 121039, 121108,121.08233333333332, 12392606, 12416758, 12413916,12407760.0, 102473.74376113224
21,true,NYCBuildingsPolygons,0.005,150,50,200,121050, 121044, 121044,121.046, 12326131, 12282046, 12082076,12230084.333333334, 101036.66650144022
21,true,NYCBuildingsPolygons,0.005,200,50,200,121004, 121101, 121107,121.07066666666667, 12445796, 12291844, 12301295,12346311.666666666, 101976.07733224673
21,true,NYCBuildingsPolygons,0.005,250,50,200,121031, 121104, 121058,121.06433333333332, 12299961, 12371719, 12323314,12331664.666666666, 101860.42682540687
21,true,NYCBuildingsPolygons,0.005,250,25,200,121027, 121109, 121103,121.07966666666667, 12414223, 12372161, 12397532,12394638.666666666, 102367.63122902552
21,true,NYCBuildingsPolygons,0.005,250,50,200,121088, 121092, 121111,121.097, 12332799, 12228555, 12352242,12304532.0, 101608.89204521995
21,true,NYCBuildingsPolygons,0.005,250,75,200,121026, 121052, 121052,121.04333333333332, 12285295, 12493642, 12257566,12345501.0, 101992.4076776912
21,true,NYCBuildingsPolygons,0.005,250,100,200,121100, 121019, 121052,121.057, 12267053, 12351658, 12363122,12327277.666666666, 101830.35815084353
21,true,NYCBuildingsPolygons,0.005,250,125,200,121099, 121082, 121106,121.09566666666667, 12325818, 12320400, 12259684,12301967.333333334, 101588.83197031548
21,true,NYCBuildingsPolygons,0.005,100,50,100,121015, 121033, 121053,121.03366666666668, 12486721, 12344162, 12398022,12409635.0, 102530.43918909614
21,true,NYCBuildingsPolygons,0.005,100,50,200,121010, 121023, 121062,121.03166666666667, 12280927, 12232348, 12346752,12286675.666666666, 101516.20650243049
21,true,NYCBuildingsPolygons,0.005,100,50,300,121082, 121096, 121063,121.08033333333333, 12278076, 12253590, 12233389,12255018.333333334, 101213.94611291128
21,true,NYCBuildingsPolygons,0.005,100,50,400,121076, 121013, 121098,121.06233333333333, 12148834, 12240789, 12180874,12190165.666666666, 100693.29849361349
21,true,NYCBuildingsPolygons,0.005,100,50,500,121111, 121070, 121116,121.099, 11618465, 12123347, 12174287,11972033.0, 98861.53477733095
26,true,NYCBuildingsPolygons,0.005,100,50,200,121057, 121037, 121070,121.05466666666668, 11999373, 12380052, 12415874,12265099.666666666, 101318.6852221035
26,false,NYCBuildingsPolygons,0.005,100,50,200,121093, 121116, 121108,121.10566666666668, 12334819, 12405081, 12328343,12356081.0, 102027.27370312976
26,true,NYCBuildingsPolygons,0.0005,100,50,200,121074, 121019, 121111,121.068, 12240693, 12353542, 12352061,12315432.0, 101723.26295965904
26,true,NYCBuildingsPolygons,0.005,100,50,200,121103, 121038, 121045,121.062, 12356276, 12318970, 12276641,12317295.666666666, 101743.6988209898
26,true,NYCBuildingsPolygons,0.05,100,50,200,121099, 121032, 121050,121.06033333333333, 11506645, 11223317, 11575652,11435204.666666666, 94458.72443767708
26,true,NYCBuildingsPolygons,0.5,100,50,200,121023, 121103, 121102,121.076, 4805569, 4634608, 4384851,4608342.666666667, 38061.570143270896
26,true,NYCBuildingsPolygons,0.005,50,50,200,121090, 121110, 121107,121.10233333333333, 12291211, 12191730, 12236505,12239815.333333334, 101070.02067122297
26,true,NYCBuildingsPolygons,0.005,100,50,200,121024, 121067, 121071,121.054, 12034047, 12146466, 12033781,12071431.333333334, 99719.3924474477
26,true,NYCBuildingsPolygons,0.005,150,50,200,121050, 121055, 121089,121.06466666666667, 12239987, 12253063, 12247628,12246892.666666666, 101159.92554943087
26,true,NYCBuildingsPolygons,0.005,200,50,200,121067, 121071, 121016,121.05133333333333, 11893645, 12390025, 12329194,12204288.0, 100819.11255280129
26,true,NYCBuildingsPolygons,0.005,250,50,200,121109, 121022, 121081,121.07066666666667, 12293387, 12318041, 12349877,12320435.0, 101762.34540709008
26,true,NYCBuildingsPolygons,0.005,250,25,200,121080, 121049, 121104,121.07766666666667, 12269427, 12404638, 12383369,12352478.0, 102021.11041672975
26,true,NYCBuildingsPolygons,0.005,250,50,200,121102, 121008, 121058,121.056, 12369100, 12410497, 12316811,12365469.333333334, 102146.68693276941
26,true,NYCBuildingsPolygons,0.005,250,75,200,121081, 121121, 121032,121.078, 12289385, 12396297, 12320500,12335394.0, 101879.73042171162
26,true,NYCBuildingsPolygons,0.005,250,100,200,121018, 121034, 121027,121.02633333333333, 12324158, 12256123, 12252260,12277513.666666666, 101444.9775393234
26,true,NYCBuildingsPolygons,0.005,250,125,200,121058, 121096, 121024,121.05933333333333, 12442352, 12361522, 12335517,12379797.0, 102262.22678686485
26,true,NYCBuildingsPolygons,0.005,100,50,100,121023, 121090, 121032,121.04833333333333, 12326073, 12327619, 12298976,12317556.0, 101757.3366010822
26,true,NYCBuildingsPolygons,0.005,100,50,200,121049, 121076, 121061,121.062, 12297603, 12390219, 12186519,12291447.0, 101530.18288149874
26,true,NYCBuildingsPolygons,0.005,100,50,300,121090, 121074, 121042,121.06866666666667, 12250507, 12291282, 12128220,12223336.333333334, 100962.01329273195
26,true,NYCBuildingsPolygons,0.005,100,50,400,121056, 121096, 121008,121.05333333333333, 12029546, 12119033, 12487031,12211870.0, 100880.08040533098
26,true,NYCBuildingsPolygons,0.005,100,50,500,121019, 121022, 121104,121.04833333333333, 12109666, 11667825, 12148718,11975403.0, 98930.75493260268
17,true,NYCBuildingsPolygons,0.005,100,50,200,121028, 121057, 121081,121.05533333333332, 13447560, 13663388, 13703654,13604867.333333334, 112385.5261781114
17,false,NYCBuildingsPolygons,0.005,100,50,200,121052, 121088, 121020,121.05333333333333, 13730357, 13786634, 13242565,13586518.666666666, 112235.80790835996
17,true,NYCBuildingsPolygons,0.0005,100,50,200,121042, 121034, 121036,121.03733333333332, 13739398, 13675494, 13678339,13697743.666666666, 113169.57577827228
17,true,NYCBuildingsPolygons,0.005,100,50,200,121089, 121023, 121072,121.06133333333332, 13762106, 13703987, 13848083,13771392.0, 113755.49583682102
17,true,NYCBuildingsPolygons,0.05,100,50,200,121037, 121078, 121109,121.07466666666667, 13652543, 13661094, 13600578,13638071.666666666, 112641.82708191087
17,true,NYCBuildingsPolygons,0.5,100,50,200,121021, 121094, 121025,121.04666666666667, 6044329, 5928445, 5704226,5892333.333333333, 48678.19573718125
17,true,NYCBuildingsPolygons,0.005,100,50,100,121026, 121098, 121109,121.07766666666667, 13663248, 13632380, 13731906,13675844.666666666, 112951.00940718492
17,true,NYCBuildingsPolygons,0.005,100,50,200,121031, 121110, 121023,121.05466666666668, 13514417, 13505483, 13667733,13562544.333333334, 112036.52619753059
17,true,NYCBuildingsPolygons,0.005,100,50,300,121032, 121077, 121104,121.071, 13752598, 13678242, 13681512,13704117.333333334, 113190.75033107295
17,true,NYCBuildingsPolygons,0.005,100,50,400,121106, 121030, 121020,121.052, 13619189, 13767435, 13507400,13631341.333333334, 112607.32027007677
17,true,NYCBuildingsPolygons,0.005,100,50,500,121017, 121075, 121074,121.05533333333332, 13229841, 13371913, 13513192,13371648.666666666, 110458.9801908769
22,true,NYCBuildingsPolygons,0.005,100,50,200,121029, 121108, 121106,121.081, 13145331, 13825113, 13533456,13501300.0, 111506.34699085736
22,false,NYCBuildingsPolygons,0.005,100,50,200,121106, 121102, 121100,121.10266666666668, 13668071, 13816182, 13607524,13697259.0, 113104.52013167889
22,true,NYCBuildingsPolygons,0.0005,100,50,200,121089, 121077, 121087,121.08433333333333, 13590507, 13555657, 13226729,13457631.0, 111142.62786542713
22,true,NYCBuildingsPolygons,0.005,100,50,200,121112, 121051, 121044,121.069, 13757630, 13670623, 13338814,13589022.333333334, 112241.96394893271
22,true,NYCBuildingsPolygons,0.05,100,50,200,121035, 121011, 121097,121.04766666666667, 13247019, 13241409, 13255804,13248077.333333334, 109445.12767697574
22,true,NYCBuildingsPolygons,0.5,100,50,200,121084, 121102, 121079,121.08833333333332, 5750740, 5775481, 6348963,5958394.666666667, 49207.00865759157
22,true,NYCBuildingsPolygons,0.005,100,50,100,121089, 121028, 121011,121.04266666666668, 13634957, 13738691, 13628236,13667294.666666666, 112913.03342072216
22,true,NYCBuildingsPolygons,0.005,100,50,200,121095, 121040, 121050,121.06166666666667, 13746948, 13638326, 13691787,13692353.666666666, 113102.30598730674
22,true,NYCBuildingsPolygons,0.005,100,50,300,121065, 121043, 121066,121.058, 13746584, 13748953, 13628781,13708106.0, 113235.85388821886
22,true,NYCBuildingsPolygons,0.005,100,50,400,121035, 121108, 121056,121.06633333333333, 13690333, 13695078, 13668830,13684747.0, 113035.11573545082
22,true,NYCBuildingsPolygons,0.005,100,50,500,121083, 121100, 121043,121.07533333333333, 13663397, 13433178, 13531813,13542796.0, 111854.29457142384
27,true,NYCBuildingsPolygons,0.005,100,50,200,121083, 121029, 121074,121.062, 13760250, 13684895, 13635585,13693576.666666666, 113112.09683192633
27,false,NYCBuildingsPolygons,0.005,100,50,200,121092, 121021, 121055,121.056, 13750490, 13693441, 13674543,13706158.0, 113221.63296325668
27,true,NYCBuildingsPolygons,0.0005,100,50,200,121082, 121090, 121093,121.08833333333332, 13711047, 13756195, 13607690,13691644.0, 113071.53730747527
27,true,NYCBuildingsPolygons,0.005,100,50,200,121073, 121061, 121104,121.07933333333332, 13707288, 13667462, 13534701,13636483.666666666, 112624.37024760626
27,true,NYCBuildingsPolygons,0.05,100,50,200,121021, 121024, 121011,121.01866666666668, 13213045, 13129589, 13270401,13204345.0, 109109.98578731655
27,true,NYCBuildingsPolygons,0.5,100,50,200,121101, 121011, 121010,121.04066666666667, 5598045, 5811823, 6289285,5899717.666666667, 48741.615765500304
27,true,NYCBuildingsPolygons,0.005,100,50,100,121020, 121055, 121066,121.047, 13611561, 13695783, 13633234,13646859.333333334, 112740.16979630502
27,true,NYCBuildingsPolygons,0.005,100,50,200,121108, 121032, 121064,121.068, 13799478, 13768199, 13614429,13727368.666666666, 113385.6069867072
27,true,NYCBuildingsPolygons,0.005,100,50,300,121057, 121049, 121092,121.066, 12857709, 13627512, 13693207,13392809.333333334, 110624.03427331649
27,true,NYCBuildingsPolygons,0.005,100,50,400,121099, 121041, 121103,121.081, 13518430, 13688370, 13449335,13552045.0, 111925.44660186156
27,true,NYCBuildingsPolygons,0.005,100,50,500,121053, 121059, 121054,121.05533333333332, 13382321, 13368574, 13472060,13407651.666666666, 110756.38963999934
31,true,NYCBuildingsLineStrings,0.005,100,50,200,121063, 121110, 121065,121.07933333333332, 19814973, 19957534, 19725798,19832768.333333332, 163799.78141053524
31,false,NYCBuildingsLineStrings,0.005,100,50,200,121015, 121041, 121018,121.02466666666668, 19835633, 19849793, 19973404,19886276.666666668, 164315.89703476426
31,true,NYCBuildingsLineStrings,0.0005,100,50,200,121043, 121030, 121024,121.03233333333333, 19712996, 19769397, 19814744,19765712.333333332, 163309.35535132486
31,true,NYCBuildingsLineStrings,0.005,100,50,200,121100, 121107, 121080,121.09566666666667, 19702220, 20143259, 19827133,19890870.666666668, 164257.49338677136
31,true,NYCBuildingsLineStrings,0.05,100,50,200,121091, 121006, 121024,121.04033333333332, 19312498, 19047036, 18503302,18954278.666666668, 156594.73288518155
31,true,NYCBuildingsLineStrings,0.5,100,50,200,121108, 121035, 121056,121.06633333333333, 12832408, 11707787, 12288240,12276145.0, 101400.15528677116
31,true,NYCBuildingsLineStrings,0.005,50,50,200,121081, 121021, 121104,121.06866666666667, 19665164, 19798444, 19933747,19799118.333333332, 163536.2714272341
31,true,NYCBuildingsLineStrings,0.005,100,50,200,121005, 121102, 121076,121.061, 19893264, 20068378, 19979890,19980510.666666668, 165044.98283234623
31,true,NYCBuildingsLineStrings,0.005,150,50,200,121108, 121014, 121098,121.07333333333332, 19948834, 19945969, 19889685,19928162.666666668, 164595.80419580423
31,true,NYCBuildingsLineStrings,0.005,200,50,200,121039, 121112, 121107,121.086, 19795271, 19874840, 20033157,19901089.333333332, 164354.99837581
31,true,NYCBuildingsLineStrings,0.005,250,50,200,121082, 121060, 121055,121.06566666666667, 19827130, 19790729, 19828293,19815384.0, 163674.67792960844
31,true,NYCBuildingsLineStrings,0.005,250,25,200,121104, 121051, 121106,121.087, 19764139, 19764752, 19986112,19838334.333333332, 163835.37731823674
31,true,NYCBuildingsLineStrings,0.005,250,50,200,121034, 121065, 121012,121.037, 19781160, 19587333, 19949431,19772641.333333332, 163360.30580180715
31,true,NYCBuildingsLineStrings,0.005,250,75,200,121007, 121085, 121015,121.03566666666667, 19830856, 19936230, 19818296,19861794.0, 164098.68716383874
31,true,NYCBuildingsLineStrings,0.005,250,100,200,121098, 121047, 121024,121.05633333333333, 19935247, 19756067, 19340447,19677253.666666668, 162546.25532465603
31,true,NYCBuildingsLineStrings,0.005,250,125,200,121007, 121112, 121006,121.04166666666667, 19771265, 19685697, 19491115,19649359.0, 162335.49604130807
31,true,NYCBuildingsLineStrings,0.005,100,50,100,121087, 121106, 121120,121.10433333333333, 19528608, 20022115, 20074337,19875020.0, 164114.8541340387
31,true,NYCBuildingsLineStrings,0.005,100,50,200,121111, 121089, 121110,121.10333333333332, 19926928, 20128448, 19952387,20002587.666666668, 165169.5879551898
31,true,NYCBuildingsLineStrings,0.005,100,50,300,121012, 121012, 121094,121.03933333333333, 19828492, 20034283, 19627916,19830230.333333332, 163832.9441118314
31,true,NYCBuildingsLineStrings,0.005,100,50,400,121058, 121019, 121104,121.06033333333333, 19674942, 19786583, 19867159,19776228.0, 163358.44661477336
31,true,NYCBuildingsLineStrings,0.005,100,50,500,121041, 121005, 121007,121.01766666666667, 19639428, 19679596, 19645675,19654899.666666668, 162413.47406577002
36,true,NYCBuildingsLineStrings,0.005,100,50,200,121104, 121098, 120996,121.066, 19825181, 19893507, 19753703,19824130.333333332, 163746.47162153976
36,false,NYCBuildingsLineStrings,0.005,100,50,200,121050, 121065, 121008,121.041, 19697809, 19823510, 19729993,19750437.333333332, 163171.4653161601
36,true,NYCBuildingsLineStrings,0.0005,100,50,200,121036, 121078, 121054,121.056, 19879609, 19955629, 19793412,19876216.666666668, 164190.26456075427
36,true,NYCBuildingsLineStrings,0.005,100,50,200,121031, 121055, 121012,121.03266666666667, 19831817, 19821984, 19537464,19730421.666666668, 163017.32590099642
36,true,NYCBuildingsLineStrings,0.05,100,50,200,121055, 121104, 121112,121.09033333333333, 16692360, 18496668, 17970571,17719866.333333332, 146335.9282739332
36,true,NYCBuildingsLineStrings,0.5,100,50,200,121012, 121048, 121046,121.03533333333333, 12309138, 12586982, 12964935,12620351.666666666, 104269.97901439249
36,true,NYCBuildingsLineStrings,0.005,50,50,200,121098, 121037, 121110,121.08166666666668, 19427516, 19822667, 19906016,19718733.0, 162854.81974975567
36,true,NYCBuildingsLineStrings,0.005,100,50,200,121110, 121108, 121104,121.10733333333333, 20023855, 19864284, 19844117,19910752.0, 164405.83284249235
36,true,NYCBuildingsLineStrings,0.005,150,50,200,121103, 121109, 121110,121.10733333333333, 19783457, 19896902, 20027307,19902555.333333332, 164338.15183225897
36,true,NYCBuildingsLineStrings,0.005,200,50,200,121023, 121109, 121027,121.053, 19802132, 19478207, 19670711,19650350.0, 162328.48421765672
36,true,NYCBuildingsLineStrings,0.005,250,50,200,121014, 121108, 121047,121.05633333333333, 19662580, 19675911, 19524122,19620871.0, 162080.49971225517
36,true,NYCBuildingsLineStrings,0.005,250,25,200,121112, 121126, 121075,121.10433333333333, 19678582, 19802447, 19894209,19791746.0, 163427.23216620382
36,true,NYCBuildingsLineStrings,0.005,250,50,200,121090, 121009, 121113,121.07066666666667, 19714187, 19662356, 19844435,19740326.0, 163047.96647687853
36,true,NYCBuildingsLineStrings,0.005,250,75,200,121106, 121016, 121107,121.07633333333332, 19688572, 19560100, 18117240,19121970.666666668, 157933.18264786128
36,true,NYCBuildingsLineStrings,0.005,250,100,200,121032, 121052, 121061,121.04833333333333, 18991534, 19836089, 19842587,19556736.666666668, 161561.3873246224
36,true,NYCBuildingsLineStrings,0.005,250,125,200,121053, 121056, 121075,121.06133333333332, 19647378, 19681482, 19848637,19725832.333333332, 162940.81512401428
36,true,NYCBuildingsLineStrings,0.005,100,50,100,121004, 121036, 121063,121.03433333333332, 19957856, 19850103, 19840471,19882810.0, 164274.13158249864
36,true,NYCBuildingsLineStrings,0.005,100,50,200,121084, 121109, 121075,121.08933333333333, 19732555, 19826281, 19723848,19760894.666666668, 163192.69520023785
36,true,NYCBuildingsLineStrings,0.005,100,50,300,121025, 121023, 121011,121.01966666666667, 19686953, 19695711, 19745566,19709410.0, 162861.215394743
36,true,NYCBuildingsLineStrings,0.005,100,50,400,121014, 121036, 121071,121.04033333333332, 19756095, 19606356, 19695439,19685963.333333332, 162639.69861285907
36,true,NYCBuildingsLineStrings,0.005,100,50,500,121030, 121080, 121071,121.06033333333333, 18619111, 19528872, 19501411,19216464.666666668, 158734.60891401258
41,true,NYCBuildingsLineStrings,0.005,100,50,200,121051, 121109, 121103,121.08766666666668, 19977853, 19986080, 19924604,19962845.666666668, 164862.74957812933
41,false,NYCBuildingsLineStrings,0.005,100,50,200,121029, 121070, 121013,121.03733333333332, 19735752, 19842265, 19836359,19804792.0, 163625.48194496465
41,true,NYCBuildingsLineStrings,0.0005,100,50,200,121006, 121032, 121017,121.01833333333333, 19818754, 19843528, 19805159,19822480.333333332, 163797.33373731253
41,true,NYCBuildingsLineStrings,0.005,100,50,200,121092, 121090, 121097,121.093, 19842118, 19735454, 19844630,19807400.666666668, 163571.80569204385
41,true,NYCBuildingsLineStrings,0.05,100,50,200,121109, 121045, 121035,121.063, 18354941, 17990456, 16824624,17723340.333333332, 146397.6634754907
41,true,NYCBuildingsLineStrings,0.5,100,50,200,121087, 121044, 121063,121.06466666666667, 12654173, 12192782, 12324664,12390539.666666666, 102346.4567145933
41,true,NYCBuildingsLineStrings,0.005,50,50,200,121026, 121109, 121104,121.07966666666667, 19442803, 19973964, 19842126,19752964.333333332, 163140.22723330918
41,true,NYCBuildingsLineStrings,0.005,100,50,200,121079, 121008, 121119,121.06866666666667, 19618922, 19841146, 19855384,19771817.333333332, 163310.77129783097
41,true,NYCBuildingsLineStrings,0.005,150,50,200,121089, 121106, 121058,121.08433333333333, 19866630, 19975224, 19834624,19892159.333333332, 164283.51039082953
41,true,NYCBuildingsLineStrings,0.005,200,50,200,121105, 121101, 121022,121.076, 19533489, 19954371, 19662693,19716851.0, 162846.89781624766
41,true,NYCBuildingsLineStrings,0.005,250,50,200,121025, 121098, 121111,121.078, 19714857, 19759924, 19690032,19721604.333333332, 162883.46630546698
41,true,NYCBuildingsLineStrings,0.005,250,25,200,121082, 121107, 121042,121.077, 19756401, 19814712, 19110930,19560681.0, 161555.71248048762
41,true,NYCBuildingsLineStrings,0.005,250,50,200,121044, 121023, 121067,121.04466666666667, 19777699, 19736584, 19122195,19545492.666666668, 161473.38998826878
41,true,NYCBuildingsLineStrings,0.005,250,75,200,121098, 121028, 121108,121.078, 19697187, 20020321, 19775227,19830911.666666668, 163786.25073643986
41,true,NYCBuildingsLineStrings,0.005,250,100,200,124062, 121002, 121013,122.02566666666667, 19622388, 19805428, 19758686,19728834.0, 161677.73992903132
41,true,NYCBuildingsLineStrings,0.005,250,125,200,121108, 121013, 121094,121.07166666666667, 19838905, 19820952, 19949445,19869767.333333332, 164115.74962487782
41,true,NYCBuildingsLineStrings,0.005,100,50,100,121037, 121070, 121098,121.06833333333333, 19968801, 19997781, 19806588,19924390.0, 164571.44037114028
41,true,NYCBuildingsLineStrings,0.005,100,50,200,121106, 121083, 121043,121.07733333333333, 19868382, 19861964, 19664938,19798428.0, 163518.86397674214
41,true,NYCBuildingsLineStrings,0.005,100,50,300,121101, 121085, 121106,121.09733333333332, 19660354, 19684602, 19667441,19670799.0, 162437.92046067628
41,true,NYCBuildingsLineStrings,0.005,100,50,400,121074, 121110, 121085,121.08966666666667, 19632089, 19706007, 19104222,19480772.666666668, 160878.90241116087
41,true,NYCBuildingsLineStrings,0.005,100,50,500,121105, 121015, 121010,121.04333333333332, 19131334, 19012133, 19602854,19248773.666666668, 159023.8234241181
32,true,NYCBuildingsLineStrings,0.005,100,50,200,121088, 121082, 121036,121.06866666666667, 21428199, 21417832, 21296542,21380857.666666668, 176601.08313188658
32,false,NYCBuildingsLineStrings,0.005,100,50,200,121046, 121107, 121102,121.085, 21434692, 21343455, 21312571,21363572.666666668, 176434.51019256448
32,true,NYCBuildingsLineStrings,0.0005,100,50,200,121034, 121090, 121099,121.07433333333333, 21531720, 21359712, 21717123,21536185.0, 177875.72648207852
32,true,NYCBuildingsLineStrings,0.005,100,50,200,121105, 121112, 121075,121.09733333333332, 21274430, 21203185, 21174452,21217355.666666668, 175209.10727458907
32,true,NYCBuildingsLineStrings,0.05,100,50,200,121024, 121108, 121090,121.074, 20715239, 20901313, 21005082,20873878.0, 172405.9500801163
32,true,NYCBuildingsLineStrings,0.5,100,50,200,121028, 121102, 121062,121.064, 17354899, 17301995, 17220917,17292603.666666668, 142838.52893235534
32,true,NYCBuildingsLineStrings,0.005,100,50,100,121095, 121075, 121101,121.09033333333333, 21328178, 21803221, 21609811,21580403.333333332, 178217.3914240333
32,true,NYCBuildingsLineStrings,0.005,100,50,200,121017, 121060, 121048,121.04166666666667, 21419492, 21387445, 21339904,21382280.333333332, 176652.22994836487
32,true,NYCBuildingsLineStrings,0.005,100,50,300,121050, 121097, 121046,121.06433333333332, 21314104, 21353381, 21175256,21280913.666666668, 175781.8597825399
32,true,NYCBuildingsLineStrings,0.005,100,50,400,120999, 121083, 121110,121.064, 21030559, 21059392, 21084192,21058047.666666668, 173941.44970153528
32,true,NYCBuildingsLineStrings,0.005,100,50,500,121014, 121106, 121045,121.055, 20934099, 21067712, 20910410,20970740.333333332, 173233.16123525117
37,true,NYCBuildingsLineStrings,0.005,100,50,200,121108, 121015, 121013,121.04533333333333, 21055040, 20989842, 20891252,20978711.333333332, 173312.84697744096
37,false,NYCBuildingsLineStrings,0.005,100,50,200,121114, 121054, 121059,121.07566666666668, 20959757, 20937448, 20847274,20914826.333333332, 172741.78131031006
37,true,NYCBuildingsLineStrings,0.0005,100,50,200,121075, 121047, 121003,121.04166666666667, 20310549, 21118671, 21052391,20827203.666666668, 172066.3986230637
37,true,NYCBuildingsLineStrings,0.005,100,50,200,121079, 121031, 121046,121.052, 21086395, 20809799, 20235668,20710620.666666668, 171088.628578352
37,true,NYCBuildingsLineStrings,0.05,100,50,200,121089, 121007, 121041,121.04566666666668, 19907185, 19731407, 19905949,19848180.333333332, 163972.66320975276
37,true,NYCBuildingsLineStrings,0.5,100,50,200,121088, 121039, 121036,121.05433333333333, 17242557, 15949265, 17350218,16847346.666666668, 139171.77686052822
37,true,NYCBuildingsLineStrings,0.005,100,50,100,121076, 121056, 121086,121.07266666666668, 21458270, 21237657, 21332478,21342801.666666668, 176280.92495415977
37,true,NYCBuildingsLineStrings,0.005,100,50,200,121073, 121022, 121057,121.05066666666667, 21079423, 21067961, 20980160,21042514.666666668, 173832.29061109398
37,true,NYCBuildingsLineStrings,0.005,100,50,300,121039, 121041, 121042,121.04066666666667, 20964325, 21078792, 20903329,20982148.666666668, 173347.9271429437
37,true,NYCBuildingsLineStrings,0.005,100,50,400,121024, 121029, 121021,121.02466666666668, 20846682, 20799574, 20934486,20860247.333333332, 172363.60080865055
37,true,NYCBuildingsLineStrings,0.005,100,50,500,121087, 121091, 121069,121.08233333333332, 20761226, 20720254, 20615498,20698992.666666668, 170949.733927603
42,true,NYCBuildingsLineStrings,0.005,100,50,200,121106, 121068, 121034,121.06933333333333, 20807686, 20979329, 21033130,20940048.333333332, 172959.14462236513
42,false,NYCBuildingsLineStrings,0.005,100,50,200,121056, 121084, 121088,121.076, 20716207, 20797056, 20946885,20820049.333333332, 171958.51641393284
42,true,NYCBuildingsLineStrings,0.0005,100,50,200,121092, 121048, 121075,121.07166666666667, 20897087, 20964130, 21346356,21069191.0, 174022.47429208594
42,true,NYCBuildingsLineStrings,0.005,100,50,200,121059, 121095, 121061,121.07166666666667, 20876775, 21001088, 20806723,20894862.0, 172582.591577991
42,true,NYCBuildingsLineStrings,0.05,100,50,200,121035, 121026, 121033,121.03133333333332, 19969321, 19956312, 19059553,19661728.666666668, 162451.55799875516
42,true,NYCBuildingsLineStrings,0.5,100,50,200,121016, 121052, 121052,121.04, 17204667, 17053230, 17084883,17114260.0, 141393.42366159946
42,true,NYCBuildingsLineStrings,0.005,100,50,100,121084, 121059, 121016,121.053, 20834868, 21263115, 21485779,21194587.333333332, 175085.1885813101
42,true,NYCBuildingsLineStrings,0.005,100,50,200,121105, 121015, 121053,121.05766666666668, 21176569, 21075316, 20850635,21034173.333333332, 173753.33518736248
42,true,NYCBuildingsLineStrings,0.005,100,50,300,121010, 121075, 121031,121.03866666666667, 21235571, 21170911, 21117610,21174697.333333332, 174941.5944216173
42,true,NYCBuildingsLineStrings,0.005,100,50,400,121027, 121010, 121098,121.045, 20959311, 20894948, 21226339,21026866.0, 173711.14874633402
42,true,NYCBuildingsLineStrings,0.005,100,50,500,121043, 121104, 121074,121.07366666666667, 20699950, 20712312, 20730859,20714373.666666668, 171089.00917072527
